<?xml version="1.0"?>
<ArrayOfCriminal xmlns:xsi="http://www.w3.org/2001/XMLSchema-instance" xmlns:xsd="http://www.w3.org/2001/XMLSchema">
  <Criminal>
    <Name>Ava</Name>
    <SecondName>Taylor</SecondName>
    <Height>188</Height>
    <CitiezenShip>Australia</CitiezenShip>
    <CriminalProfession>Thief</CriminalProfession>
    <GroupName>Dogs</GroupName>
    <Alias>Shadow</Alias>
    <EyeColor>Red</EyeColor>
    <HairColor>Black</HairColor>
    <Omens>
      <string>Mysterious</string>
    </Omens>
    <PlaceOfBirth>Paris</PlaceOfBirth>
    <DateOfBirth>1974-04-12T00:00:00</DateOfBirth>
    <LastPlaceOfLiving>Toronto</LastPlaceOfLiving>
    <Languages>
      <string>German</string>
    </Languages>
    <LastThing>Hacking</LastThing>
    <Alive>true</Alive>
  </Criminal>
  <Criminal>
    <Name>Benjamin</Name>
    <SecondName>Williams</SecondName>
    <Height>191</Height>
    <CitiezenShip>Italy</CitiezenShip>
    <CriminalProfession>Smuggler</CriminalProfession>
    <GroupName>Nightfall</GroupName>
    <Alias>Raven</Alias>
    <EyeColor>Green</EyeColor>
    <HairColor>Gray</HairColor>
    <Omens>
      <string>Scarred</string>
    </Omens>
    <PlaceOfBirth>Sydney</PlaceOfBirth>
    <DateOfBirth>1960-06-24T00:00:00</DateOfBirth>
    <LastPlaceOfLiving>London</LastPlaceOfLiving>
    <Languages>
      <string>Japanese</string>
    </Languages>
    <LastThing>Terrorism</LastThing>
    <Alive>true</Alive>
  </Criminal>
  <Criminal>
    <Name>James</Name>
    <SecondName>Jones</SecondName>
    <Height>165</Height>
    <CitiezenShip>Canada</CitiezenShip>
    <CriminalProfession>Thief</CriminalProfession>
    <GroupName>Cartel</GroupName>
    <Alias>Raven</Alias>
    <EyeColor>Purple</EyeColor>
    <HairColor>Black</HairColor>
    <Omens>
      <string>Elusive</string>
    </Omens>
    <PlaceOfBirth>London</PlaceOfBirth>
    <DateOfBirth>1973-11-07T00:00:00</DateOfBirth>
    <LastPlaceOfLiving>Paris</LastPlaceOfLiving>
    <Languages>
      <string>Japanese</string>
    </Languages>
    <LastThing>Kidnapping</LastThing>
    <Alive>true</Alive>
  </Criminal>
  <Criminal>
    <Name>John</Name>
    <SecondName>Smith</SecondName>
    <Height>164</Height>
    <CitiezenShip>Australia</CitiezenShip>
    <CriminalProfession>Bank Robber</CriminalProfession>
    <GroupName>Cartel</GroupName>
    <Alias>Viper</Alias>
    <EyeColor>Gray</EyeColor>
    <HairColor>Green</HairColor>
    <Omens>
      <string>Scarred</string>
    </Omens>
    <PlaceOfBirth>Paris</PlaceOfBirth>
    <DateOfBirth>1999-08-31T00:00:00</DateOfBirth>
    <LastPlaceOfLiving>Africa</LastPlaceOfLiving>
    <Languages>
      <string>Italian</string>
    </Languages>
    <LastThing>Kidnapping</LastThing>
    <Alive>false</Alive>
  </Criminal>
  <Criminal>
    <Name>John</Name>
    <SecondName>Davis</SecondName>
    <Height>162</Height>
    <CitiezenShip>Spain</CitiezenShip>
    <CriminalProfession>Blackmailer</CriminalProfession>
    <GroupName>Blood</GroupName>
    <Alias>Wolf</Alias>
    <EyeColor>Blue</EyeColor>
    <HairColor>Red</HairColor>
    <Omens>
      <string>Tattooed</string>
    </Omens>
    <PlaceOfBirth>New York</PlaceOfBirth>
    <DateOfBirth>1967-03-18T00:00:00</DateOfBirth>
    <LastPlaceOfLiving>Paris</LastPlaceOfLiving>
    <Languages>
      <string>French</string>
    </Languages>
    <LastThing>Bank robbery</LastThing>
    <Alive>true</Alive>
  </Criminal>
  <Criminal>
    <Name>Olivia</Name>
    <SecondName>Taylor</SecondName>
    <Height>195</Height>
    <CitiezenShip>France</CitiezenShip>
    <CriminalProfession>Gang Leader</CriminalProfession>
    <GroupName>Phoenix</GroupName>
    <Alias>Spike</Alias>
    <EyeColor>Blue</EyeColor>
    <HairColor>Yellow</HairColor>
    <Omens>
      <string>Cunning</string>
    </Omens>
    <PlaceOfBirth>New York</PlaceOfBirth>
    <DateOfBirth>1965-02-27T00:00:00</DateOfBirth>
    <LastPlaceOfLiving>London</LastPlaceOfLiving>
    <Languages>
      <string>Italian</string>
    </Languages>
    <LastThing>vandalism</LastThing>
    <Alive>true</Alive>
  </Criminal>
  <Criminal>
    <Name>Sophia</Name>
    <SecondName>Wilson</SecondName>
    <Height>184</Height>
    <CitiezenShip>France</CitiezenShip>
    <CriminalProfession>Smuggler</CriminalProfession>
    <GroupName>Wolves</GroupName>
    <Alias>Ace</Alias>
    <EyeColor>Orange</EyeColor>
    <HairColor>Blue</HairColor>
    <Omens>
      <string>Deceptive</string>
    </Omens>
    <PlaceOfBirth>Paris</PlaceOfBirth>
    <DateOfBirth>1961-12-21T00:00:00</DateOfBirth>
    <LastPlaceOfLiving>New York</LastPlaceOfLiving>
    <Languages>
      <string>German</string>
    </Languages>
    <LastThing>Piracy</LastThing>
    <Alive>false</Alive>
  </Criminal>
  <Criminal>
    <Name>Sophia</Name>
    <SecondName>Johnson</SecondName>
    <Height>179</Height>
    <CitiezenShip>United States</CitiezenShip>
    <CriminalProfession>Blackmailer</CriminalProfession>
    <GroupName>Cartel</GroupName>
    <Alias>Viper</Alias>
    <EyeColor>Purple</EyeColor>
    <HairColor>Black</HairColor>
    <Omens>
      <string>Deceptive</string>
    </Omens>
    <PlaceOfBirth>Paris</PlaceOfBirth>
    <DateOfBirth>1985-04-29T00:00:00</DateOfBirth>
    <LastPlaceOfLiving>Toronto</LastPlaceOfLiving>
    <Languages>
      <string>Italian</string>
    </Languages>
    <LastThing>Hacking</LastThing>
    <Alive>true</Alive>
  </Criminal>
  <Criminal>
    <Name>William</Name>
    <SecondName>Johnson</SecondName>
    <Height>161</Height>
    <CitiezenShip>United States</CitiezenShip>
    <CriminalProfession>Hitman</CriminalProfession>
    <GroupName>Cartel</GroupName>
    <Alias>Spike</Alias>
    <EyeColor>Purple</EyeColor>
    <HairColor>Red</HairColor>
    <Omens>
      <string>Deceptive</string>
    </Omens>
    <PlaceOfBirth>Africa</PlaceOfBirth>
    <DateOfBirth>1970-02-01T00:00:00</DateOfBirth>
    <LastPlaceOfLiving>Paris</LastPlaceOfLiving>
    <Languages>
      <string>English</string>
    </Languages>
    <LastThing>Murder</LastThing>
    <Alive>true</Alive>
  </Criminal>
  <Criminal>
    <Name>William</Name>
    <SecondName>Brown</SecondName>
    <Height>197</Height>
    <CitiezenShip>China</CitiezenShip>
    <CriminalProfession>Thief</CriminalProfession>
    <GroupName>Mafia</GroupName>
    <Alias>Joker</Alias>
    <EyeColor>Blue</EyeColor>
    <HairColor>Green</HairColor>
    <Omens>
      <string>Dangerous</string>
    </Omens>
    <PlaceOfBirth>Rome</PlaceOfBirth>
    <DateOfBirth>1988-07-17T00:00:00</DateOfBirth>
    <LastPlaceOfLiving>Berlin</LastPlaceOfLiving>
    <Languages>
      <string>Spanish</string>
    </Languages>
    <LastThing>Terrorism</LastThing>
    <Alive>true</Alive>
  </Criminal>
</ArrayOfCriminal>