<?xml version="1.0"?>
<ArrayOfCriminal xmlns:xsi="http://www.w3.org/2001/XMLSchema-instance" xmlns:xsd="http://www.w3.org/2001/XMLSchema">
  <Criminal>
    <Name>Name0</Name>
    <SecondName>SecondName0</SecondName>
    <CitiezenShip>City0</CitiezenShip>
    <CriminalProfession>Profession0</CriminalProfession>
    <GroupName>Group0</GroupName>
    <Alias>Alias0</Alias>
    <EyeColor>EyeColor0</EyeColor>
    <HairColor>HairColor0</HairColor>
    <Omens>
      <string>Omen0</string>
    </Omens>
    <PlaceOfBirth>Place0</PlaceOfBirth>
    <DateOfBirth>1950-10-23T00:00:00</DateOfBirth>
    <LastPlaceOfLiving>LastPlace0</LastPlaceOfLiving>
    <Languages>
      <string>Language0</string>
    </Languages>
    <LastThing>LastThing0</LastThing>
    <ID>0</ID>
  </Criminal>
  <Criminal>
    <Name>Name20</Name>
    <SecondName>SecondName20</SecondName>
    <CitiezenShip>City20</CitiezenShip>
    <CriminalProfession>Profession20</CriminalProfession>
    <GroupName>Group20</GroupName>
    <Alias>Alias20</Alias>
    <EyeColor>EyeColor20</EyeColor>
    <HairColor>HairColor20</HairColor>
    <Omens>
      <string>Omen20</string>
    </Omens>
    <PlaceOfBirth>Place20</PlaceOfBirth>
    <DateOfBirth>1970-10-23T00:00:00</DateOfBirth>
    <LastPlaceOfLiving>LastPlace20</LastPlaceOfLiving>
    <Languages>
      <string>Language20</string>
    </Languages>
    <LastThing>LastThing20</LastThing>
    <ID>20</ID>
  </Criminal>
</ArrayOfCriminal>